Paula Agnello;1951381;1951383;1951384;
Darrin Harris;1951390;1951392;1951393;
Jose Kopf;1951399;1951401;1951402;
Angelique Cox;1951408;1951410;1951411;
Jeanne Dorr;1951417;1951419;1951420;
Thomas Fritz;1951426;1951428;1951429;
Richard Allen;1951435;1951437;1951438;
Leona Torres;1951444;1951446;1951447;
Anne Steiner;1951453;1951455;1951456;
Veronica Gaines;1951462;1951464;1951465;
Kelly Riddle;1951471;1951473;1951474;
Lita Wade;1951480;1951482;1951483;
Bernice Visitacion;1951489;1951491;1951492;
Melva Berry;1951498;1951500;1951501;
Judy Woodard;1951507;1951509;1951510;
Pamela Young;1951516;1951518;1951519;
Robert Woolard;1951525;1951527;1951528;
Mercedes Troiano;1951534;1951536;1951537;
Crystal Torres;1951543;1951545;1951546;
Karen Walker;1951552;1951554;1951555;
Ivonne Whitaker;1951560;1951561;1951562;
Emily Ortega;1951567;1951569;1951570;
Maria Mcpherson;1951584;1951586;1951587;
Gerald Davis;1951589;1951590;1951591;
Benny Jacobs;1951598;1951599;1951600;
Rick Fleming;1951608;1951610;1951611;
Jose Whitaker;1951616;1951618;1951619;
Luther Quinn;1951623;1951625;1951626;
Leon Kenyon;1951650;1951652;1951653;
Darrell Albertson;1951669;1951670;1951671;
Christopher Gunter;1951676;1951677;1951678;
Brenda Albro;1951682;1951683;1951684;
Jimmy Trull;1951688;1951689;1951690;
Juanita Schott;1951693;1951694;1951695;
Cherlyn Telleria;1951700;1951701;1951702;
Elizabeth Crouch;1951708;1951709;1951710;
Miriam Reading;1951723;1951725;1951726;
Viola Adkins;1951729;1951730;1951731;
Rodney Logan;1951746;1951748;1951749;
Jose Jones;1951755;1951757;1951758;
Suzanne Purdy;1951762;1951763;1951764;
Dahlia Frazier;1951788;1951790;1951791;
Melissa Wright;1951796;1951797;1951798;
Teresa Fremont;1951804;1951806;1951807;
Michael Craven;1951819;1951820;1951821;
Ginger Bean;1951834;1951835;1951836;
Carol Toney;1951842;1951843;1951844;
Peter Sughrue;1951850;1951851;1951852;
Tim Cave;1951855;1951856;1951857;
Rosia Suomela;1951872;1951874;1951875;
Austin Lemay;1951896;1951897;1951898;
Justin Williams;1951906;1951908;1951909;
Brian Nemec;1951921;1951922;1951923;
William England;1951927;1951928;1951929;
Gerald Christensen;1951952;1951953;1951954;
Paul Williams;1951960;1951961;1951962;
Tommie Hine;1951968;1951969;1951970;
James Lockwood;1951974;1951976;1951977;
Victoria Allred;1951992;1951994;1951995;
Kimberly Warriner;1952007;1952009;1952010;
Charles Boucher;1952014;1952015;1952016;
Wendy Frederick;1952021;1952023;1952024;
Vivian Lokken;1952027;1952028;1952029;
Nannie Vazquez;1952036;1952038;1952039;
Lawrence Bush;1952043;1952044;1952045;
Gaylene Morales;1952051;1952052;1952053;
Willie Leppla;1952082;1952084;1952085;
Michael Morris;1952090;1952092;1952093;
Patrick Montoya;1952126;1952127;1952128;
Rhoda Bibber;1952162;1952164;1952165;
Sue Santiago;1952170;1952171;1952172;
Barbara Soto;1952184;1952186;1952187;
Sherry Hanson;1952193;1952195;1952196;
Margaret Bonson;1952201;1952203;1952204;
Larry Britton;1952233;1952234;1952235;
Crystal Decker;1952263;1952265;1952266;
Maureen Cooper;1952268;1952269;1952270;
