1951384;69801;23738;forecast;
1951393;72428;33592;opinion;
1951402;61655;94052;address;
1951411;81924;44861;spoons;
1951420;29112;38145;salt;
1951429;31572;63154;hem;
1951438;74296;8520;fruit;
1951447;33432;76943;pocket;
1951456;96677;39083;miner;
1951465;30608;39333;diseases;
1951474;65229;37993;washing;
1951483;46590;15365;funds;
1951492;80798;33918;jumpers;
1951501;24381;21311;tanks;
1951510;27400;56467;execution;
1951519;90054;81904;boosts;
1951528;40293;68343;doorsteps;
1951537;11131;64173;worlds;
1951546;44352;95650;syntax;
1951555;50062;39606;arithmetic;
